Workbook

Sheet 거래장부
A1: CCTV 사업 거래 장부
A2: 거래유형 입력값: 매출 / 재료비 / 인건비 / 교통비 / 통신비 / 광고비 / 기타비용 | 날짜 입력 시 월·분기 자동계산
A3: 날짜 | B3: 거래유형 | C3: 상대방 | D3: 지역 | E3: 고객 전화번호 | F3: 품목/항목 | G3: 공급가액 | H3: VAT(10%) | I3: 합계금액 | J3: 증빙유형 | K3: 결제수단 | L3: 메모 | M3: 월(자동) | N3: 분기(자동)
A4: 2026-01-05 | B4: 매출 | C4: 예시고객 | D4: 파주 | E4: 010-0000-0000 | F4: CCTV 4채널 설치 | G4: 727273 | H4: 72727 | I4: =G4+H4 -> 800000 | J4: 세금계산서 | K4: 계좌이체 | L4: 예시 행 - 실제 데이터 입력 후 삭제하세요 | M4: =IF(A4="","",MONTH(A4)) -> 1 | N4: =IF(A4="","","Q"&ROUNDUP(MONTH(A4)/3,0)) -> Q1
A5: 2026-01-08 | B5: 재료비 | C5: ㅇㅇ전자상가 | F5: AHD카메라 8대 + NVR | G5: 330000 | H5: 33000 | I5: =G5+H5 -> 363000 | J5: 세금계산서 | K5: 사업카드 | L5: 예시 행 - 실제 데이터 입력 후 삭제하세요 | M5: =IF(A5="","",MONTH(A5)) -> 1 | N5: =IF(A5="","","Q"&ROUNDUP(MONTH(A5)/3,0)) -> Q1
A6: 2026-01-10 | B6: 인건비 | C6: 김보조 | F6: 설치 보조 일당 (1일) | G6: 100000 | H6: 0 | I6: =G6+H6 -> 100000 | J6: 간이영수증 | K6: 계좌이체 | L6: 예시 행 - 실제 데이터 입력 후 삭제하세요 | M6: =IF(A6="","",MONTH(A6)) -> 1 | N6: =IF(A6="","","Q"&ROUNDUP(MONTH(A6)/3,0)) -> Q1
A7: 2026-01-12 | B7: 교통비 | F7: 출장 주유비 | G7: 50000 | H7: 0 | I7: =G7+H7 -> 50000 | J7: 현금영수증 | K7: 카드 | L7: 예시 행 - 실제 데이터 입력 후 삭제하세요 | M7: =IF(A7="","",MONTH(A7)) -> 1 | N7: =IF(A7="","","Q"&ROUNDUP(MONTH(A7)/3,0)) -> Q1
A8: 2026-01-15 | B8: 통신비 | C8: KT | F8: 인터넷/전화 요금 | G8: 45455 | H8: 4545 | I8: =G8+H8 -> 50000 | J8: 세금계산서 | K8: 자동이체 | L8: 예시 행 - 실제 데이터 입력 후 삭제하세요 | M8: =IF(A8="","",MONTH(A8)) -> 1 | N8: =IF(A8="","","Q"&ROUNDUP(MONTH(A8)/3,0)) -> Q1
A9: 2026-01-20 | B9: 광고비 | C9: 네이버 | F9: 블로그 상위노출 광고 | G9: 90909 | H9: 9091 | I9: =G9+H9 -> 100000 | J9: 세금계산서 | K9: 카드 | L9: 예시 행 - 실제 데이터 입력 후 삭제하세요 | M9: =IF(A9="","",MONTH(A9)) -> 1 | N9: =IF(A9="","","Q"&ROUNDUP(MONTH(A9)/3,0)) -> Q1
M10: =IF(A10="","",MONTH(A10)) | N10: =IF(A10="","","Q"&ROUNDUP(MONTH(A10)/3,0))
M11: =IF(A11="","",MONTH(A11)) | N11: =IF(A11="","","Q"&ROUNDUP(MONTH(A11)/3,0))
M12: =IF(A12="","",MONTH(A12)) | N12: =IF(A12="","","Q"&ROUNDUP(MONTH(A12)/3,0))
M13: =IF(A13="","",MONTH(A13)) | N13: =IF(A13="","","Q"&ROUNDUP(MONTH(A13)/3,0))
M14: =IF(A14="","",MONTH(A14)) | N14: =IF(A14="","","Q"&ROUNDUP(MONTH(A14)/3,0))
M15: =IF(A15="","",MONTH(A15)) | N15: =IF(A15="","","Q"&ROUNDUP(MONTH(A15)/3,0))
M16: =IF(A16="","",MONTH(A16)) | N16: =IF(A16="","","Q"&ROUNDUP(MONTH(A16)/3,0))
M17: =IF(A17="","",MONTH(A17)) | N17: =IF(A17="","","Q"&ROUNDUP(MONTH(A17)/3,0))
M18: =IF(A18="","",MONTH(A18)) | N18: =IF(A18="","","Q"&ROUNDUP(MONTH(A18)/3,0))
M19: =IF(A19="","",MONTH(A19)) | N19: =IF(A19="","","Q"&ROUNDUP(MONTH(A19)/3,0))
M20: =IF(A20="","",MONTH(A20)) | N20: =IF(A20="","","Q"&ROUNDUP(MONTH(A20)/3,0))
M21: =IF(A21="","",MONTH(A21)) | N21: =IF(A21="","","Q"&ROUNDUP(MONTH(A21)/3,0))
... M499: =IF(A499="","",MONTH(A499)) | N499: =IF(A499="","","Q"&ROUNDUP(MONTH(A499)/3,0))

Sheet 월별요약
A1: 월별 매출·매입 요약 및 세금 예측 (거래장부에서 자동집계)
A2: 이 시트는 직접 수정하지 마세요. 거래장부에 데이터를 입력하면 자동으로 반영됩니다.
A3: 월 | B3: 매출 합계 | C3: 재료비 | D3: 인건비 | E3: 교통·통신·광고 | F3: 총 비용 | G3: 순이익 | H3: 이익률 | I3: 세금적립 권장 (매출×15%)
A4: 1월 | B4: =SUMIFS(거래장부!$I$4:$I$499,거래장부!$B$4:$B$499,"매출",거래장부!$M$4:$M$499,1) -> 800000 | C4: =SUMIFS(거래장부!$I$4:$I$499,거래장부!$B$4:$B$499,"재료비",거래장부!$M$4:$M$499,1) -> 363000 | D4: =SUMIFS(거래장부!$I$4:$I$499,거래장부!$B$4:$B$499,"인건비",거래장부!$M$4:$M$499,1) -> 100000 | E4: =SUMIFS(거래장부!$I$4:$I$499,거래장부!$B$4:$B$499,"교통비",거래장부!$M$4:$M$499,1)+SUMIFS(거래장부!$I$4:$I$499,거래장부!$B$4:$B$499,"통신비",거래장부!$M$4:$M$499,1)+SUMIFS(거래장부!$I$4:$I$499,거래장부!$B$4:$B$499,"광고비",거래장부!$M$4:$M$499,1) -> 200000 | F4: =C4+D4+E4+SUMIFS(거래장부!$I$4:$I$499,거래장부!$B$4:$B$499,"기타비용",거래장부!$M$4:$M$499,1) -> 663000 | G4: =B4-F4 -> 137000 | H4: =IFERROR(G4/B4,0) -> 0.17125 | I4: =B4*0.15 -> 120000
A5: 2월 | B5: =SUMIFS(거래장부!$I$4:$I$499,거래장부!$B$4:$B$499,"매출",거래장부!$M$4:$M$499,2) -> 0 | C5: =SUMIFS(거래장부!$I$4:$I$499,거래장부!$B$4:$B$499,"재료비",거래장부!$M$4:$M$499,2) -> 0 | D5: =SUMIFS(거래장부!$I$4:$I$499,거래장부!$B$4:$B$499,"인건비",거래장부!$M$4:$M$499,2) -> 0 | E5: =SUMIFS(거래장부!$I$4:$I$499,거래장부!$B$4:$B$499,"교통비",거래장부!$M$4:$M$499,2)+SUMIFS(거래장부!$I$4:$I$499,거래장부!$B$4:$B$499,"통신비",거래장부!$M$4:$M$499,2)+SUMIFS(거래장부!$I$4:$I$499,거래장부!$B$4:$B$499,"광고비",거래장부!$M$4:$M$499,2) -> 0 | F5: =C5+D5+E5+SUMIFS(거래장부!$I$4:$I$499,거래장부!$B$4:$B$499,"기타비용",거래장부!$M$4:$M$499,2) -> 0 | G5: =B5-F5 -> 0 | H5: =IFERROR(G5/B5,0) -> 0 | I5: =B5*0.15 -> 0
A6: 3월 | B6: =SUMIFS(거래장부!$I$4:$I$499,거래장부!$B$4:$B$499,"매출",거래장부!$M$4:$M$499,3) -> 0 | C6: =SUMIFS(거래장부!$I$4:$I$499,거래장부!$B$4:$B$499,"재료비",거래장부!$M$4:$M$499,3) -> 0 | D6: =SUMIFS(거래장부!$I$4:$I$499,거래장부!$B$4:$B$499,"인건비",거래장부!$M$4:$M$499,3) -> 0 | E6: =SUMIFS(거래장부!$I$4:$I$499,거래장부!$B$4:$B$499,"교통비",거래장부!$M$4:$M$499,3)+SUMIFS(거래장부!$I$4:$I$499,거래장부!$B$4:$B$499,"통신비",거래장부!$M$4:$M$499,3)+SUMIFS(거래장부!$I$4:$I$499,거래장부!$B$4:$B$499,"광고비",거래장부!$M$4:$M$499,3) -> 0 | F6: =C6+D6+E6+SUMIFS(거래장부!$I$4:$I$499,거래장부!$B$4:$B$499,"기타비용",거래장부!$M$4:$M$499,3) -> 0 | G6: =B6-F6 -> 0 | H6: =IFERROR(G6/B6,0) -> 0 | I6: =B6*0.15 -> 0
A7: 4월 | B7: =SUMIFS(거래장부!$I$4:$I$499,거래장부!$B$4:$B$499,"매출",거래장부!$M$4:$M$499,4) -> 0 | C7: =SUMIFS(거래장부!$I$4:$I$499,거래장부!$B$4:$B$499,"재료비",거래장부!$M$4:$M$499,4) -> 0 | D7: =SUMIFS(거래장부!$I$4:$I$499,거래장부!$B$4:$B$499,"인건비",거래장부!$M$4:$M$499,4) -> 0 | E7: =SUMIFS(거래장부!$I$4:$I$499,거래장부!$B$4:$B$499,"교통비",거래장부!$M$4:$M$499,4)+SUMIFS(거래장부!$I$4:$I$499,거래장부!$B$4:$B$499,"통신비",거래장부!$M$4:$M$499,4)+SUMIFS(거래장부!$I$4:$I$499,거래장부!$B$4:$B$499,"광고비",거래장부!$M$4:$M$499,4) -> 0 | F7: =C7+D7+E7+SUMIFS(거래장부!$I$4:$I$499,거래장부!$B$4:$B$499,"기타비용",거래장부!$M$4:$M$499,4) -> 0 | G7: =B7-F7 -> 0 | H7: =IFERROR(G7/B7,0) -> 0 | I7: =B7*0.15 -> 0
A8: 5월 | B8: =SUMIFS(거래장부!$I$4:$I$499,거래장부!$B$4:$B$499,"매출",거래장부!$M$4:$M$499,5) -> 0 | C8: =SUMIFS(거래장부!$I$4:$I$499,거래장부!$B$4:$B$499,"재료비",거래장부!$M$4:$M$499,5) -> 0 | D8: =SUMIFS(거래장부!$I$4:$I$499,거래장부!$B$4:$B$499,"인건비",거래장부!$M$4:$M$499,5) -> 0 | E8: =SUMIFS(거래장부!$I$4:$I$499,거래장부!$B$4:$B$499,"교통비",거래장부!$M$4:$M$499,5)+SUMIFS(거래장부!$I$4:$I$499,거래장부!$B$4:$B$499,"통신비",거래장부!$M$4:$M$499,5)+SUMIFS(거래장부!$I$4:$I$499,거래장부!$B$4:$B$499,"광고비",거래장부!$M$4:$M$499,5) -> 0 | F8: =C8+D8+E8+SUMIFS(거래장부!$I$4:$I$499,거래장부!$B$4:$B$499,"기타비용",거래장부!$M$4:$M$499,5) -> 0 | G8: =B8-F8 -> 0 | H8: =IFERROR(G8/B8,0) -> 0 | I8: =B8*0.15 -> 0
A9: 6월 | B9: =SUMIFS(거래장부!$I$4:$I$499,거래장부!$B$4:$B$499,"매출",거래장부!$M$4:$M$499,6) -> 0 | C9: =SUMIFS(거래장부!$I$4:$I$499,거래장부!$B$4:$B$499,"재료비",거래장부!$M$4:$M$499,6) -> 0 | D9: =SUMIFS(거래장부!$I$4:$I$499,거래장부!$B$4:$B$499,"인건비",거래장부!$M$4:$M$499,6) -> 0 | E9: =SUMIFS(거래장부!$I$4:$I$499,거래장부!$B$4:$B$499,"교통비",거래장부!$M$4:$M$499,6)+SUMIFS(거래장부!$I$4:$I$499,거래장부!$B$4:$B$499,"통신비",거래장부!$M$4:$M$499,6)+SUMIFS(거래장부!$I$4:$I$499,거래장부!$B$4:$B$499,"광고비",거래장부!$M$4:$M$499,6) -> 0 | F9: =C9+D9+E9+SUMIFS(거래장부!$I$4:$I$499,거래장부!$B$4:$B$499,"기타비용",거래장부!$M$4:$M$499,6) -> 0 | G9: =B9-F9 -> 0 | H9: =IFERROR(G9/B9,0) -> 0 | I9: =B9*0.15 -> 0
A10: 7월 | B10: =SUMIFS(거래장부!$I$4:$I$499,거래장부!$B$4:$B$499,"매출",거래장부!$M$4:$M$499,7) -> 0 | C10: =SUMIFS(거래장부!$I$4:$I$499,거래장부!$B$4:$B$499,"재료비",거래장부!$M$4:$M$499,7) -> 0 | D10: =SUMIFS(거래장부!$I$4:$I$499,거래장부!$B$4:$B$499,"인건비",거래장부!$M$4:$M$499,7) -> 0 | E10: =SUMIFS(거래장부!$I$4:$I$499,거래장부!$B$4:$B$499,"교통비",거래장부!$M$4:$M$499,7)+SUMIFS(거래장부!$I$4:$I$499,거래장부!$B$4:$B$499,"통신비",거래장부!$M$4:$M$499,7)+SUMIFS(거래장부!$I$4:$I$499,거래장부!$B$4:$B$499,"광고비",거래장부!$M$4:$M$499,7) -> 0 | F10: =C10+D10+E10+SUMIFS(거래장부!$I$4:$I$499,거래장부!$B$4:$B$499,"기타비용",거래장부!$M$4:$M$499,7) -> 0 | G10: =B10-F10 -> 0 | H10: =IFERROR(G10/B10,0) -> 0 | I10: =B10*0.15 -> 0
A11: 8월 | B11: =SUMIFS(거래장부!$I$4:$I$499,거래장부!$B$4:$B$499,"매출",거래장부!$M$4:$M$499,8) -> 0 | C11: =SUMIFS(거래장부!$I$4:$I$499,거래장부!$B$4:$B$499,"재료비",거래장부!$M$4:$M$499,8) -> 0 | D11: =SUMIFS(거래장부!$I$4:$I$499,거래장부!$B$4:$B$499,"인건비",거래장부!$M$4:$M$499,8) -> 0 | E11: =SUMIFS(거래장부!$I$4:$I$499,거래장부!$B$4:$B$499,"교통비",거래장부!$M$4:$M$499,8)+SUMIFS(거래장부!$I$4:$I$499,거래장부!$B$4:$B$499,"통신비",거래장부!$M$4:$M$499,8)+SUMIFS(거래장부!$I$4:$I$499,거래장부!$B$4:$B$499,"광고비",거래장부!$M$4:$M$499,8) -> 0 | F11: =C11+D11+E11+SUMIFS(거래장부!$I$4:$I$499,거래장부!$B$4:$B$499,"기타비용",거래장부!$M$4:$M$499,8) -> 0 | G11: =B11-F11 -> 0 | H11: =IFERROR(G11/B11,0) -> 0 | I11: =B11*0.15 -> 0
A12: 9월 | B12: =SUMIFS(거래장부!$I$4:$I$499,거래장부!$B$4:$B$499,"매출",거래장부!$M$4:$M$499,9) -> 0 | C12: =SUMIFS(거래장부!$I$4:$I$499,거래장부!$B$4:$B$499,"재료비",거래장부!$M$4:$M$499,9) -> 0 | D12: =SUMIFS(거래장부!$I$4:$I$499,거래장부!$B$4:$B$499,"인건비",거래장부!$M$4:$M$499,9) -> 0 | E12: =SUMIFS(거래장부!$I$4:$I$499,거래장부!$B$4:$B$499,"교통비",거래장부!$M$4:$M$499,9)+SUMIFS(거래장부!$I$4:$I$499,거래장부!$B$4:$B$499,"통신비",거래장부!$M$4:$M$499,9)+SUMIFS(거래장부!$I$4:$I$499,거래장부!$B$4:$B$499,"광고비",거래장부!$M$4:$M$499,9) -> 0 | F12: =C12+D12+E12+SUMIFS(거래장부!$I$4:$I$499,거래장부!$B$4:$B$499,"기타비용",거래장부!$M$4:$M$499,9) -> 0 | G12: =B12-F12 -> 0 | H12: =IFERROR(G12/B12,0) -> 0 | I12: =B12*0.15 -> 0
A13: 10월 | B13: =SUMIFS(거래장부!$I$4:$I$499,거래장부!$B$4:$B$499,"매출",거래장부!$M$4:$M$499,10) -> 0 | C13: =SUMIFS(거래장부!$I$4:$I$499,거래장부!$B$4:$B$499,"재료비",거래장부!$M$4:$M$499,10) -> 0 | D13: =SUMIFS(거래장부!$I$4:$I$499,거래장부!$B$4:$B$499,"인건비",거래장부!$M$4:$M$499,10) -> 0 | E13: =SUMIFS(거래장부!$I$4:$I$499,거래장부!$B$4:$B$499,"교통비",거래장부!$M$4:$M$499,10)+SUMIFS(거래장부!$I$4:$I$499,거래장부!$B$4:$B$499,"통신비",거래장부!$M$4:$M$499,10)+SUMIFS(거래장부!$I$4:$I$499,거래장부!$B$4:$B$499,"광고비",거래장부!$M$4:$M$499,10) -> 0 | F13: =C13+D13+E13+SUMIFS(거래장부!$I$4:$I$499,거래장부!$B$4:$B$499,"기타비용",거래장부!$M$4:$M$499,10) -> 0 | G13: =B13-F13 -> 0 | H13: =IFERROR(G13/B13,0) -> 0 | I13: =B13*0.15 -> 0
A14: 11월 | B14: =SUMIFS(거래장부!$I$4:$I$499,거래장부!$B$4:$B$499,"매출",거래장부!$M$4:$M$499,11) -> 0 | C14: =SUMIFS(거래장부!$I$4:$I$499,거래장부!$B$4:$B$499,"재료비",거래장부!$M$4:$M$499,11) -> 0 | D14: =SUMIFS(거래장부!$I$4:$I$499,거래장부!$B$4:$B$499,"인건비",거래장부!$M$4:$M$499,11) -> 0 | E14: =SUMIFS(거래장부!$I$4:$I$499,거래장부!$B$4:$B$499,"교통비",거래장부!$M$4:$M$499,11)+SUMIFS(거래장부!$I$4:$I$499,거래장부!$B$4:$B$499,"통신비",거래장부!$M$4:$M$499,11)+SUMIFS(거래장부!$I$4:$I$499,거래장부!$B$4:$B$499,"광고비",거래장부!$M$4:$M$499,11) -> 0 | F14: =C14+D14+E14+SUMIFS(거래장부!$I$4:$I$499,거래장부!$B$4:$B$499,"기타비용",거래장부!$M$4:$M$499,11) -> 0 | G14: =B14-F14 -> 0 | H14: =IFERROR(G14/B14,0) -> 0 | I14: =B14*0.15 -> 0
A15: 12월 | B15: =SUMIFS(거래장부!$I$4:$I$499,거래장부!$B$4:$B$499,"매출",거래장부!$M$4:$M$499,12) -> 0 | C15: =SUMIFS(거래장부!$I$4:$I$499,거래장부!$B$4:$B$499,"재료비",거래장부!$M$4:$M$499,12) -> 0 | D15: =SUMIFS(거래장부!$I$4:$I$499,거래장부!$B$4:$B$499,"인건비",거래장부!$M$4:$M$499,12) -> 0 | E15: =SUMIFS(거래장부!$I$4:$I$499,거래장부!$B$4:$B$499,"교통비",거래장부!$M$4:$M$499,12)+SUMIFS(거래장부!$I$4:$I$499,거래장부!$B$4:$B$499,"통신비",거래장부!$M$4:$M$499,12)+SUMIFS(거래장부!$I$4:$I$499,거래장부!$B$4:$B$499,"광고비",거래장부!$M$4:$M$499,12) -> 0 | F15: =C15+D15+E15+SUMIFS(거래장부!$I$4:$I$499,거래장부!$B$4:$B$499,"기타비용",거래장부!$M$4:$M$499,12) -> 0 | G15: =B15-F15 -> 0 | H15: =IFERROR(G15/B15,0) -> 0 | I15: =B15*0.15 -> 0
A17: 합계 | B17: =SUM(B4:B15) -> 800000 | C17: =SUM(C4:C15) -> 363000 | D17: =SUM(D4:D15) -> 100000 | E17: =SUM(E4:E15) -> 200000 | F17: =SUM(F4:F15) -> 663000 | G17: =SUM(G4:G15) -> 137000 | H17: =IFERROR(G17/B17,0) -> 0.17125 | I17: =SUM(I4:I15) -> 120000

Sheet 세금계산기
A1: 예상 세금 자동 계산기
A3: A. 연간 실적 (월별요약 자동연동)
A4: 항목 | B4: 금액 | C4: 비고
A5: 매출 합계 (VAT 포함) | B5: =월별요약!B17 -> 800000 | C5: 거래장부 → 월별요약 자동합산
A6: 매출 합계 (VAT 제외) | B6: =B5/1.1 -> 727272.73
A7: 총 비용 | B7: =월별요약!F17 -> 663000 | C7: 거래장부 → 월별요약 자동합산
A8: 세금계산서 매입 VAT 합계 (매입세액공제 가능분) | B8: =SUMIFS(거래장부!$H$4:$H$499,거래장부!$J$4:$J$499,"세금계산서",거래장부!$B$4:$B$499,"<>매출") -> 46636 | C8: 매입 공제 가능 VAT
A10: B. 부가세 예상 (분기별 별도 신고 필요, 아래는 연간 추정치)
A11: 매출세액 (매출 합계 ÷ 11) | B11: =B5/11 -> 72727.273
A12: 매입세액공제 | B12: =B8 -> 46636
A13: 예상 납부 부가세 | B13: =MAX(B11-B12,0) -> 26091.273
A15: C. 종합소득세 참고용 (단순 추정 — 실제 세율/공제는 세무사 확인 필요)
A16: 추정 순이익 (매출 VAT제외 - 총비용) | B16: =B6-B7 -> 64272.727
A17: 세금적립 권장액 (순이익 15%) | B17: =B16*0.15 -> 9640.9091

Sheet 사용법
A1: 사용법 & 핵심 팁
A3: [ 1단계 ] 거래장부 시트에 거래 입력
A4: 날짜 | B4: 2026-01-05 형식으로 입력하면 월·분기 자동계산
A5: 거래유형 | B5: 매출 / 재료비 / 인건비 / 교통비 / 통신비 / 광고비 / 기타비용 중 하나 정확히 입력
A6: 지역, 고객 전화번호 | B6: CRM 대시보드에서 지역별 분석에 사용되니 가능하면 채워주세요
A7: 공급가액 | B7: 부가세 제외 금액 (세금계산서 기준)
A8: VAT | B8: 세금계산서 거래만 입력 (공급가액×10%). 카드·현금은 공란 가능
A9: 합계금액 | B9: 실제 지급/수령한 금액 전체 (자동 = 공급가액+VAT)
A11: [ 2단계 ] 월별요약 / 세금계산기 | B11: 거래장부만 채우면 자동 계산됨, 이 두 시트는 직접 수정하지 마세요
A13: [ 3단계 ] CRM 연동 | B13: 이 Sheet를 Google Sheets에 업로드 후, 서비스 계정 이메일에 '편집자' 권한 공유 → CRM 장부 대시보드가 이 데이터를 읽어 시각화합니다
